<?xml version="1.0"  encoding="ISO-8859-1"?>
<!DOCTYPE Configure PUBLIC "-//Mort Bay Consulting//DTD Configure//EN" "http://jetty.mortbay.org/configure.dtd">
<!-- =============================================================== -->
<!-- Configure the Jetty Server                                      -->
<!-- =============================================================== -->
<Configure class="org.mortbay.jetty.Server">

	<Set name="handler">
		<New id="Handlers" class="org.mortbay.jetty.handler.HandlerCollection">
			<Set name="handlers">
				<Array type="org.mortbay.jetty.Handler">
				<Item>
					<New id="ExplorerHandler" class="org.mortbay.jetty.webapp.WebAppContext">
						<Call name="setContextPath"><Arg>/ajaxexplorer</Arg></Call>
						<Call name="setWar"><Arg>webapps/ajaxfilebrowser</Arg></Call>
						<Call name="setDescriptor"><Arg>webapps/ajaxfilebrowser/WEB-INF/web.xml</Arg></Call> 
						<!-- Uncomment these lines if you want check user permission  -->
<!--
						 <Get name="SecurityHandler">
							<Call name="setUserRealm">
								<Arg>
									<New class="org.apache.hadoop.fs.webdav.WebdavHashUserRealm">
										<Set name="name">HDFSUserRealm</Set>
										<Set name="config">etc/accounts.properties</Set>
									 </New>
								</Arg>
							</Call>
						</Get>
-->
					</New>
				</Item>
          		<Item>
					<New id="DefaultHandler" class="org.mortbay.jetty.webapp.WebAppContext">
						<Call name="setContextPath"><Arg>/</Arg></Call>
						<Call name="setWar"><Arg>webapps/webdav</Arg></Call>
						<Call name="setDescriptor"><Arg>webapps/webdav/WEB-INF/web.xml</Arg></Call>
						<Call name="setAttribute">
							<Arg>webAppContext</Arg>
							<Arg><Ref id="DefaultHandler"/></Arg>
                        </Call> 
						<!-- Uncomment these lines if you want check user permission  -->
<!--
						 <Get name="SecurityHandler">
							<Call name="setUserRealm">
								<Arg>
									<New class="org.apache.hadoop.fs.webdav.WebdavHashUserRealm">
										<Set name="name">HDFSUserRealm</Set>
										<Set name="config">etc/accounts.properties</Set>
									 </New>
								</Arg>
							</Call>
						</Get>
-->
					</New>
				</Item>
				</Array>
			</Set>
		</New>
	</Set>
</Configure>
